<?xml version="1.0" encoding="UTF-8" standalone="no"?>
<!DOCTYPE podaci SYSTEM "gramatika.dtd">
<?xml-stylesheet type="text/xsl" href="pretvorba.xsl"?>
<podaci>
	<sudionik>
		<ime_kluba>Fenerbahce Ulker</ime_kluba>
		<drzava>Turska</drzava>
		<godina_osnivanja>1913</godina_osnivanja>
		<trener uloga="glavni">
			<ime_trenera>Želimir</ime_trenera>
			<prezime_trenera>Obradović</prezime_trenera>
		</trener>
		<stadion>
			<ime_stadiona>Ülker Sports Arena</ime_stadiona>
			<kapacitet>13800</kapacitet>
			<godina_izgradnje>2012</godina_izgradnje>
			<adresa postanski_broj="34000">Ihlamur Sok</adresa>
		</stadion>
		<mail_adresa>info@ulkersportsarena.com</mail_adresa>
		<navijaci>nasilni</navijaci>
		<navijaci>mnogobrojni</navijaci>
		<kljucni_igrac>
			<ime>Jan</ime>
			<prezime>Vesely</prezime>
			<pozicija>krilni centar</pozicija>
		</kljucni_igrac>
	</sudionik>
	<sudionik>
		<ime_kluba>Olimpiacos</ime_kluba>
		<drzava>Grčka</drzava>
		<godina_osnivanja>1931</godina_osnivanja>
		<trener uloga="glavni">
			<ime_trenera>Ioannis</ime_trenera>
			<prezime_trenera>Sfairopoulos</prezime_trenera>
		</trener>
		<stadion>
			<ime_stadiona>Peace and Friendship Stadium</ime_stadiona>
			<kapacitet>14940</kapacitet>
			<godina_izgradnje>1985</godina_izgradnje>
			<adresa postanski_broj="11476">Piraeus</adresa>
		</stadion>
		<mail_adresa>info@osfp.gr</mail_adresa>
		<navijaci>mnogobrojni</navijaci>
		<navijaci>glasni</navijaci>
		<kljucni_igrac>
			<ime>Vassilis</ime>
			<prezime>Spanoulis</prezime>
			<pozicija>razigravač</pozicija>
		</kljucni_igrac>
	</sudionik>
	<sudionik>
		<ime_kluba>Barcelona Lassa</ime_kluba>
		<drzava>Španjolska</drzava>
		<godina_osnivanja>1926</godina_osnivanja>
		<trener uloga="glavni">
			<ime_trenera>Xavi</ime_trenera>
			<prezime_trenera>Pascual</prezime_trenera>
		</trener>
		<trener uloga="asistent">
			<ime_trenera>David</ime_trenera>
			<prezime_trenera>Garcia</prezime_trenera>
		</trener>
		<stadion>
			<ime_stadiona>Palau Blaugrana</ime_stadiona>
			<kapacitet>7585</kapacitet>
			<godina_izgradnje>1971</godina_izgradnje>
			<adresa postanski_broj="08071">Barcelona</adresa>
		</stadion>
		<mail_adresa>seccio.basquet@fcbarcelona.cat</mail_adresa>
		<navijaci>malobrojni</navijaci>
		<kljucni_igrac>
			<ime>Juan Carlos</ime>
			<prezime>Navarro</prezime>
			<pozicija>razigravač</pozicija>
		</kljucni_igrac>
	</sudionik>
	<sudionik>
		<ime_kluba>CSKA Moscow</ime_kluba>
		<drzava>Rusija</drzava>
		<godina_osnivanja>1923</godina_osnivanja>
		<trener uloga="glavni">
			<ime_trenera>Dimitris</ime_trenera>
			<prezime_trenera>Itoudis</prezime_trenera>
		</trener>
		<trener uloga="asistent">
			<ime_trenera>Andreas</ime_trenera>
			<prezime_trenera>Pistiolis</prezime_trenera>
		</trener>
		<stadion>
			<ime_stadiona>Alexander Gomelskiy Sport Hall</ime_stadiona>
			<kapacitet>5500</kapacitet>
			<godina_izgradnje>1979</godina_izgradnje>
			<adresa postanski_broj="125167">Leningradskiy prospect</adresa>
		</stadion>
		<mail_adresa>club@cskabasket.com</mail_adresa>
		<navijaci>mnogobrojni</navijaci>
		<kljucni_igrac>
			<ime>Miloš</ime>
			<prezime>Teodosić</prezime>
			<pozicija>razigravač</pozicija>
		</kljucni_igrac>
	</sudionik>
	<sudionik>
		<ime_kluba>Emporio Armani Milano</ime_kluba>
		<drzava>Italija</drzava>
		<godina_osnivanja>1936</godina_osnivanja>
		<trener uloga="glavni">
			<ime_trenera>Jasmin</ime_trenera>
			<prezime_trenera>Repeša</prezime_trenera>
		</trener>
		<stadion>
			<ime_stadiona>Mediolanum Forum</ime_stadiona>
			<kapacitet>12500</kapacitet>
			<godina_izgradnje>1990</godina_izgradnje>
			<adresa postanski_broj="20090">Giuseppe di Vittorio 6</adresa>
		</stadion>
		<mail_adresa>info@armani.com</mail_adresa>
		<navijaci>malobrojni</navijaci>
		<kljucni_igrac>
			<ime>Krunoslav</ime>
			<prezime>Simon</prezime>
			<pozicija>šuter</pozicija>
		</kljucni_igrac>
	</sudionik>
</podaci>